<?xml version="1.0" encoding="UTF-8"?><artifacts>
    <artifact name="ifsXmlToJson" groupId="com.example.IfsRestApi.resource" version="1.0.0" type="registry/resource" serverRole="EnterpriseServiceBus">
        <item>
            <file>ifsXmlToJson.dmc</file>
            <path>/_system/governance/datamapper</path>
            <mediaType>text/plain</mediaType>
        </item>
    </artifact>
    <artifact name="ifsXmlToJson_inputSchema" groupId="com.example.IfsRestApi.resource" version="1.0.0" type="registry/resource" serverRole="EnterpriseServiceBus">
        <item>
            <file>ifsXmlToJson_inputSchema.json</file>
            <path>/_system/governance/datamapper</path>
            <mediaType>text/plain</mediaType>
        </item>
    </artifact>
    <artifact name="ifsXmlToJson_outputSchema" groupId="com.example.IfsRestApi.resource" version="1.0.0" type="registry/resource" serverRole="EnterpriseServiceBus">
        <item>
            <file>ifsXmlToJson_outputSchema.json</file>
            <path>/_system/governance/datamapper</path>
            <mediaType>text/plain</mediaType>
        </item>
    </artifact>
    <artifact name="ifsXmlToJson_xsltStyleSheet" groupId="com.example.IfsRestApi.resource" version="1.0.0" type="registry/resource" serverRole="EnterpriseServiceBus">
        <item>
            <file>ifsXmlToJson_xsltStyleSheet.xml</file>
            <path>/_system/governance/datamapper</path>
            <mediaType>text/plain</mediaType>
        </item>
    </artifact>
</artifacts>
