{"$schema":"http:\/\/wso2.org\/json-schema\/wso2-data-mapper-v5.0.0\/schema#","inputType":"XML","id":"http:\/\/wso2jsonschema.org","title":"ifs:resultSet","type":"object","properties":{"ifs:record":{"id":"http:\/\/wso2jsonschema.org\/ifs:record","type":"object","properties":{"ifs:CONTRACT":{"attributes":{"ifs:Type":{"id":"http:\/\/wso2jsonschema.org\/ifs:record\/ifs:Type","type":"string"}},"id":"http:\/\/wso2jsonschema.org\/ifs:record\/ifs:CONTRACT","type":"object","value":{"type":"number"},"properties":{}},"ifs:CUSTOMER_NO":{"attributes":{"ifs:Type":{"id":"http:\/\/wso2jsonschema.org\/ifs:record\/ifs:Type","type":"string"}},"id":"http:\/\/wso2jsonschema.org\/ifs:record\/ifs:CUSTOMER_NO","type":"object","value":{"type":"string"},"properties":{}},"ifs:ORDER_NO":{"attributes":{"ifs:Type":{"id":"http:\/\/wso2jsonschema.org\/ifs:record\/ifs:Type","type":"string"}},"id":"http:\/\/wso2jsonschema.org\/ifs:record\/ifs:ORDER_NO","type":"object","value":{"type":"string"},"properties":{}},"ifs:ORDER_CODE":{"attributes":{"ifs:Type":{"id":"http:\/\/wso2jsonschema.org\/ifs:record\/ifs:Type","type":"string"}},"id":"http:\/\/wso2jsonschema.org\/ifs:record\/ifs:ORDER_CODE","type":"object","value":{"type":"string"},"properties":{}},"ifs:WANTED_DELIVERY_DATE":{"attributes":{"ifs:Type":{"id":"http:\/\/wso2jsonschema.org\/ifs:record\/ifs:Type","type":"string"}},"id":"http:\/\/wso2jsonschema.org\/ifs:record\/ifs:WANTED_DELIVERY_DATE","type":"object","value":{"type":"string"},"properties":{}},"ifs:STATE":{"attributes":{"ifs:Type":{"id":"http:\/\/wso2jsonschema.org\/ifs:record\/ifs:Type","type":"string"}},"id":"http:\/\/wso2jsonschema.org\/ifs:record\/ifs:STATE","type":"object","value":{"type":"string"},"properties":{}},"ifs:COMPANY":{"attributes":{"ifs:Type":{"id":"http:\/\/wso2jsonschema.org\/ifs:record\/ifs:Type","type":"string"}},"id":"http:\/\/wso2jsonschema.org\/ifs:record\/ifs:COMPANY","type":"object","value":{"type":"number"},"properties":{}},"ifs:DATE_ENTERED":{"attributes":{"ifs:Type":{"id":"http:\/\/wso2jsonschema.org\/ifs:record\/ifs:Type","type":"string"}},"id":"http:\/\/wso2jsonschema.org\/ifs:record\/ifs:DATE_ENTERED","type":"object","value":{"type":"string"},"properties":{}}}}},"namespaces":[{"prefix":"ifs","url":"http:\/\/wso2.org\/knak\/ifs\/connector"}]}