{"$schema":"http:\/\/wso2.org\/json-schema\/wso2-data-mapper-v5.0.0\/schema#","outputType":"JSON","id":"http:\/\/wso2jsonschema.org","title":"root","type":"object","properties":{"order_no":{"id":"http:\/\/wso2jsonschema.org\/order_no","type":"string"},"order_code":{"id":"http:\/\/wso2jsonschema.org\/order_code","type":"string"},"customer_no":{"id":"http:\/\/wso2jsonschema.org\/customer_no","type":"string"},"contract":{"id":"http:\/\/wso2jsonschema.org\/contract","type":"string"},"wanted_date":{"id":"http:\/\/wso2jsonschema.org\/wanted_date","type":"string"},"date_entered":{"id":"http:\/\/wso2jsonschema.org\/date_entered","type":"string"},"company":{"id":"http:\/\/wso2jsonschema.org\/company","type":"string"},"state":{"id":"http:\/\/wso2jsonschema.org\/state","type":"string"}}}