<?xml version="1.0" encoding="UTF-8" standalone="no"?><xsl:stylesheet xmlns:xsl="http://www.w3.org/1999/XSL/Transform" xmlns:firstElementOfTheInput="ifs:resultSet" xmlns:ifs="http://wso2.org/knak/ifs/connector" xmlns:notXSLTCompatible="false" xmlns:own="http://ownfunction.org" xmlns:xs="http://www.w3.org/2001/XMLSchema" extension-element-prefixes="xs own notXSLTCompatible firstElementOfTheInput" version="2.0"><xsl:function name="own:setPrecision"><xsl:param name="resultString"/><xsl:param name="noOfDigits"/><xsl:if test="$noOfDigits=0"><xsl:value-of select="$resultString"/></xsl:if><xsl:if test="$noOfDigits!=0"><xsl:value-of select="own:setPrecision(concat($resultString,'0'),$noOfDigits - 1)"/></xsl:if></xsl:function><xsl:template match="/"><root><company><xsl:value-of select="ifs:resultSet/ifs:record/ifs:COMPANY"/></company><contract><xsl:value-of select="ifs:resultSet/ifs:record/ifs:CONTRACT"/></contract><order_no><xsl:value-of select="ifs:resultSet/ifs:record/ifs:ORDER_NO"/></order_no><order_code><xsl:value-of select="ifs:resultSet/ifs:record/ifs:ORDER_CODE"/></order_code><customer_no><xsl:value-of select="ifs:resultSet/ifs:record/ifs:CUSTOMER_NO"/></customer_no><date_entered><xsl:value-of select="ifs:resultSet/ifs:record/ifs:DATE_ENTERED"/></date_entered><wanted_date><xsl:value-of select="ifs:resultSet/ifs:record/ifs:WANTED_DELIVERY_DATE"/></wanted_date><state><xsl:value-of select="ifs:resultSet/ifs:record/ifs:STATE"/></state></root></xsl:template></xsl:stylesheet>