<?xml version="1.0" encoding="UTF-8"?>
<api context="/ifsroot" name="IFS_REST" xmlns="http://ws.apache.org/ns/synapse">
    <resource methods="GET" uri-template="/getOrder*">
        <inSequence>
            <property description="company" expression="$url:company" name="company" scope="default" type="STRING"/>
            <property description="contract" expression="$url:contract" name="contract" scope="default" type="STRING"/>
            <property description="order_no" expression="$url:order_no" name="order_no" scope="default" type="STRING"/>
            <log description="log_input" level="custom" separator=",">
                <property expression="$ctx:company" name="company"/>
                <property expression="$ctx:contract" name="contract"/>
                <property expression="$ctx:order_no" name="order_no"/>
            </log>
            <payloadFactory description="IFS XML" media-type="xml">
                <format>
                    <request xmlns="">
                        <bindVariables>
                            <company>$1</company>
                            <contract>$2</contract>
                            <order_no>$3</order_no>
                        </bindVariables>
                        <sqlStatement>
select company,
       contract,
       order_no,
       order_code,
       customer_no,
       date_entered,
       wanted_delivery_date,
       state
  from ifsapp.customer_order
 where company = :company
   and contract = :contract
   and order_no = :order_no
	</sqlStatement>
                    </request>
                </format>
                <args>
                    <arg evaluator="xml" expression="$ctx:company"/>
                    <arg evaluator="xml" expression="$ctx:contract"/>
                    <arg evaluator="xml" expression="$ctx:order_no"/>
                </args>
            </payloadFactory>
            <knakitifs.selectStatement>
                <IfsConnURL>https://change_this:48080</IfsConnURL>
                <IfsVersion>APPS10</IfsVersion>
                <IfsUserID>IFSAPP</IfsUserID>
                <IfsPassword>change_this</IfsPassword>
            </knakitifs.selectStatement>
            <datamapper config="gov:datamapper/ifsXmlToJson.dmc" description="XML to JSON" inputSchema="gov:datamapper/ifsXmlToJson_inputSchema.json" inputType="XML" outputSchema="gov:datamapper/ifsXmlToJson_outputSchema.json" outputType="JSON" xsltStyleSheet="gov:datamapper/ifsXmlToJson_xsltStyleSheet.xml"/>
            <respond description="Response"/>
        </inSequence>
        <outSequence/>
        <faultSequence/>
    </resource>
</api>
